Date,ULTAStoreNo,City,TotalQtySold,TotalGrossSales
{"":"2024-08-18,7,Orland Park              ,28,1168.5
{"":"2024-08-18,8,Wheaton                  ,43,1726
{"":"2024-08-18,12,Hodgkins                 ,13,520
{"":"2024-08-18,23,Chicago                  ,2,-225.5
{"":"2024-08-18,25,Kennesaw                 ,16,830
{"":"2024-08-18,33,Scottsdale               ,25,1162
{"":"2024-08-18,35,Phoenix                  ,15,919
{"":"2024-08-18,37,Phoenix                  ,12,487
{"":"2024-08-18,40,Norridge                 ,13,707.5
{"":"2024-08-18,41,Merrillville             ,14,649
{"":"2024-08-18,43,Smyrna                   ,28,899
{"":"2024-08-18,44,Chicago                  ,16,839.5
{"":"2024-08-18,47,Peoria                   ,2,145
{"":"2024-08-18,54,Levittown                ,27,1170.5
{"":"2024-08-18,55,Lake Grove               ,29,1904.5
{"":"2024-08-18,58,Littleton                ,25,1351.5
{"":"2024-08-18,65,Minnetonka               ,13,696
{"":"2024-08-18,66,Patchogue                ,22,1060
{"":"2024-08-18,67,Gurnee                   ,33,2206.5
{"":"2024-08-18,68,Commack                  ,43,2682.5
{"":"2024-08-18,69,Geneva                   ,33,1788.5
{"":"2024-08-18,70,Denver                   ,29,1841
{"":"2024-08-18,72,Atlanta                  ,29,1027
{"":"2024-08-18,75,Austin                   ,37,1407
{"":"2024-08-18,77,Scottsdale               ,44,2304
{"":"2024-08-18,80,Buford                   ,25,1236.5
{"":"2024-08-18,82,Fort Worth               ,50,2518.5
{"":"2024-08-18,83,Humble                   ,14,566.5
{"":"2024-08-18,86,Wilmington               ,28,982.5
{"":"2024-08-18,87,Plano                    ,14,571.5
{"":"2024-08-18,90,Naperville               ,19,598
{"":"2024-08-18,91,Round Rock               ,24,1267.5
{"":"2024-08-18,92,Southlake                ,8,470.5
{"":"2024-08-18,93,Katy                     ,16,428.5
{"":"2024-08-18,94,Hurst                    ,22,844.5
{"":"2024-08-18,95,Lakewood                 ,22,1170
{"":"2024-08-18,96,Wyomissing               ,17,696.5
{"":"2024-08-18,97,Skokie                   ,16,740.5
{"":"2024-08-18,98,Frisco                   ,22,931.5
{"":"2024-08-18,99,Chandler                 ,52,2583
{"":"2024-08-18,100,Las Vegas                ,30,1673
{"":"2024-08-18,101,Plymouth Meeting         ,25,930.5
{"":"2024-08-18,103,Roseville                ,52,3345.5
{"":"2024-08-18,104,Mount Laurel             ,51,2345.5
{"":"2024-08-18,105,Woodstock                ,23,968
{"":"2024-08-18,106,Marlton                  ,22,1110
{"":"2024-08-18,108,Phoenix                  ,31,1808
{"":"2024-08-18,109,Princeton                ,39,2032
{"":"2024-08-18,111,Kildeer                  ,16,568.5
{"":"2024-08-18,113,Louisville               ,29,1233.5
{"":"2024-08-18,116,Homestead                ,7,410
{"":"2024-08-18,121,Chicago                  ,8,391
{"":"2024-08-18,122,Coon Rapids              ,12,501.5
{"":"2024-08-18,123,Edgewater                ,20,882.5
{"":"2024-08-18,124,Citrus Heights           ,36,1822.5
{"":"2024-08-18,125,Holmdel                  ,19,1150.5
{"":"2024-08-18,126,Cary                     ,10,219.5
{"":"2024-08-18,128,Oklahoma City            ,13,667
{"":"2024-08-18,129,Lexington                ,5,236
{"":"2024-08-18,131,Tulsa                    ,8,375
{"":"2024-08-18,132,Carlsbad                 ,38,1966.5
{"":"2024-08-18,133,Colorado Springs         ,32,1609.5
{"":"2024-08-18,134,Charlotte                ,26,1253
{"":"2024-08-18,135,Oceanside                ,29,1614
{"":"2024-08-18,136,Maple Grove              ,28,1129.5
{"":"2024-08-18,137,Skokie                   ,25,1215.5
{"":"2024-08-18,142,Springfield              ,41,2049
{"":"2024-08-18,143,Pasadena                 ,45,2049.5
{"":"2024-08-18,146,Chino                    ,29,1258
{"":"2024-08-18,147,Charlotte                ,27,1170
{"":"2024-08-18,148,Dublin                   ,17,751
{"":"2024-08-18,149,Houston                  ,46,2167.5
{"":"2024-08-18,150,Houston                  ,9,328.5
{"":"2024-08-18,151,Fort Myers               ,25,1382
{"":"2024-08-18,152,Orlando                  ,29,1162.5
{"":"2024-08-18,153,Tampa                    ,15,906
{"":"2024-08-18,155,Cerritos                 ,22,970
{"":"2024-08-18,156,West Hollywood           ,13,445
{"":"2024-08-18,157,Goodyear                 ,35,1767
{"":"2024-08-18,160,Miami                    ,76,3118
{"":"2024-08-18,161,Pembroke Pines           ,26,996.5
{"":"2024-08-18,164,Fredericksburg           ,34,1678
{"":"2024-08-18,165,Pearland                 ,26,1045.5
{"":"2024-08-18,167,Rockville                ,35,1617
{"":"2024-08-18,168,Indianapolis             ,36,1851.5
{"":"2024-08-18,170,Tucson                   ,11,469
{"":"2024-08-18,171,Richmond                 ,22,869
{"":"2024-08-18,173,Woodbury                 ,17,777
{"":"2024-08-18,174,Upland                   ,0,0
{"":"2024-08-18,176,Surprise                 ,18,795.5
{"":"2024-08-18,177,Brookfield               ,22,1263
{"":"2024-08-18,178,Fairfax                  ,24,1578
{"":"2024-08-18,179,Burleson                 ,26,1217.5
{"":"2024-08-18,180,Lynnwood                 ,31,1540.5
{"":"2024-08-18,181,Durham                   ,16,715
{"":"2024-08-18,183,Gilbert                  ,37,1626
{"":"2024-08-18,184,Phoenix                  ,28,1514
{"":"2024-08-18,185,Tempe                    ,36,1482.5
{"":"2024-08-18,186,Rockaway                 ,29,1522
{"":"2024-08-18,187,Dallas                   ,16,519
{"":"2024-08-18,188,Beaverton                ,27,1369
{"":"2024-08-18,189,Sacramento               ,27,1287.5
{"":"2024-08-18,191,Tukwila                  ,19,975
{"":"2024-08-18,192,Greenville               ,21,898
{"":"2024-08-18,193,Wilmington               ,24,987
{"":"2024-08-18,199,Tucson                   ,25,1503
{"":"2024-08-18,200,Estero                   ,22,1042.5
{"":"2024-08-18,201,Mt. Pleasant             ,29,1528.5
{"":"2024-08-18,203,Sparks                   ,23,1212
{"":"2024-08-18,204,Altoona                  ,23,1226
{"":"2024-08-18,205,Arlington                ,17,869.5
{"":"2024-08-18,207,Columbia                 ,13,560.5
{"":"2024-08-18,208,Tustin                   ,45,2297.5
{"":"2024-08-18,209,York                     ,15,681
{"":"2024-08-18,210,Tinley Park              ,36,1602
{"":"2024-08-18,211,Plainfield               ,6,-121
{"":"2024-08-18,212,Corona                   ,38,1651
{"":"2024-08-18,213,Baltimore                ,35,1575.5
{"":"2024-08-18,214,Middletown               ,13,646
{"":"2024-08-18,215,Winter Park              ,14,580
{"":"2024-08-18,216,San Antonio              ,32,1486
{"":"2024-08-18,217,Farmington Hills         ,8,299.5
{"":"2024-08-18,219,Fayetteville             ,32,1742.5
{"":"2024-08-18,220,Cumming                  ,6,286.5
{"":"2024-08-18,221,Cedar Rapids             ,24,1208.5
{"":"2024-08-18,222,Savannah                 ,15,640
{"":"2024-08-18,223,Atlanta                  ,24,1341
{"":"2024-08-18,224,Beaumont                 ,20,932.5
{"":"2024-08-18,225,Mesa                     ,27,1309
{"":"2024-08-18,227,Las Vegas                ,6,-714
{"":"2024-08-18,228,Peoria                   ,8,315
{"":"2024-08-18,229,Winter Garden            ,22,940
{"":"2024-08-18,230,McKinney                 ,14,934.5
{"":"2024-08-18,231,Mooresville              ,27,1634
{"":"2024-08-18,232,Lubbock                  ,15,702.5
{"":"2024-08-18,233,Vancouver                ,13,575.5
{"":"2024-08-18,234,McHenry                  ,14,835.5
{"":"2024-08-18,235,Elkridge                 ,22,1106
{"":"2024-08-18,236,Fort Smith               ,12,478.5
{"":"2024-08-18,237,Jackson                  ,14,743
{"":"2024-08-18,238,Brighton                 ,16,619
{"":"2024-08-18,239,Fairfax                  ,34,1677.5
{"":"2024-08-18,241,Burlington               ,9,349
{"":"2024-08-18,244,San Marcos               ,32,1479.5
{"":"2024-08-18,245,Oswego                   ,18,736.5
{"":"2024-08-18,246,Mechanicsburg            ,26,1145
{"":"2024-08-18,247,Wellington               ,32,1364
{"":"2024-08-18,251,Apex                     ,10,793.5
{"":"2024-08-18,252,Longmont                 ,23,1443.5
{"":"2024-08-18,253,Wesley Chapel            ,28,1385
{"":"2024-08-18,254,Murfreesboro             ,14,753.5
{"":"2024-08-18,255,Roseville                ,31,1606
{"":"2024-08-18,257,Orion Township           ,13,577
{"":"2024-08-18,258,Tualatin                 ,17,774.5
{"":"2024-08-18,259,Conroe                   ,11,590.5
{"":"2024-08-18,260,Burbank                  ,18,589
{"":"2024-08-18,261,Chesterfield             ,6,208
{"":"2024-08-18,262,Columbus                 ,17,815.5
{"":"2024-08-18,263,Dayton                   ,22,1130
{"":"2024-08-18,264,Omaha                    ,5,214
{"":"2024-08-18,265,Horsham                  ,19,872.5
{"":"2024-08-18,266,Sandy                    ,28,1064
{"":"2024-08-18,267,Walker                   ,10,570.5
{"":"2024-08-18,268,Modesto                  ,41,1694
{"":"2024-08-18,269,Bolingbrook              ,18,696
{"":"2024-08-18,270,Rockwall                 ,22,1292.5
{"":"2024-08-18,271,Austin                   ,18,567
{"":"2024-08-18,272,Port Saint Lucie         ,37,1486
{"":"2024-08-18,273,Hamilton                 ,12,349
{"":"2024-08-18,274,Strongsville             ,6,370.5
{"":"2024-08-18,275,Flower Mound             ,30,1679
{"":"2024-08-18,276,Myrtle Beach             ,19,871
{"":"2024-08-18,277,Algonquin                ,15,510
{"":"2024-08-18,278,Amarillo                 ,17,917
{"":"2024-08-18,279,San Jose                 ,8,278.5
{"":"2024-08-18,280,Oklahoma City            ,7,226
{"":"2024-08-18,282,Sarasota                 ,14,959
{"":"2024-08-18,283,Naples                   ,35,2347
{"":"2024-08-18,284,Cherry Hill              ,46,1986.5
{"":"2024-08-18,285,Canton                   ,25,1497
{"":"2024-08-18,286,Fresno                   ,31,1519.5
{"":"2024-08-18,288,Burnsville               ,16,619
{"":"2024-08-18,289,Plymouth                 ,13,581
{"":"2024-08-18,290,Dothan                   ,32,1087.5
{"":"2024-08-18,291,Fairview Park            ,10,534
{"":"2024-08-18,292,Papillion                ,11,596.5
{"":"2024-08-18,294,Manchester               ,6,202
{"":"2024-08-18,295,Jacksonville             ,19,1029
{"":"2024-08-18,296,Casa Grande              ,7,382
{"":"2024-08-18,298,Montgomery               ,6,242.5
{"":"2024-08-18,300,Harker Heights           ,9,274
{"":"2024-08-18,301,Las Vegas                ,27,1106
{"":"2024-08-18,302,El Paso                  ,15,755
{"":"2024-08-18,303,El Paso                  ,23,1051.5
{"":"2024-08-18,304,Mentor                   ,6,130
{"":"2024-08-18,305,Fort Worth               ,21,1035.5
{"":"2024-08-18,307,San Antonio              ,19,1093.5
{"":"2024-08-18,308,Chattanooga              ,15,528.5
{"":"2024-08-18,309,New Hartford             ,27,1173.9
{"":"2024-08-18,311,Tuscaloosa               ,18,565.5
{"":"2024-08-18,312,Slidell                  ,10,514.5
{"":"2024-08-18,313,Grand Junction           ,26,1158
{"":"2024-08-18,314,Stockton                 ,19,698.5
{"":"2024-08-18,315,Noblesville              ,6,284
{"":"2024-08-18,316,Memphis                  ,13,351
{"":"2024-08-18,317,Midland                  ,17,974.5
{"":"2024-08-18,319,Henrietta                ,29,1326.5
{"":"2024-08-18,321,Everett                  ,22,1229
{"":"2024-08-18,322,Gresham                  ,31,1528
{"":"2024-08-18,324,Webster                  ,20,815.5
{"":"2024-08-18,325,Destin                   ,18,902
{"":"2024-08-18,326,College Station          ,17,671.5
{"":"2024-08-18,329,Ocala                    ,19,887
{"":"2024-08-18,330,Springfield              ,28,1745
{"":"2024-08-18,331,Greensboro               ,20,939.5
{"":"2024-08-18,332,Amherst                  ,31,1222.5
{"":"2024-08-18,333,Fort Collins             ,6,138.5
{"":"2024-08-18,334,Des Moines               ,4,232
{"":"2024-08-18,335,Kissimmee                ,28,1189
{"":"2024-08-18,336,Birmingham               ,8,421.5
{"":"2024-08-18,337,Baton Rouge              ,13,672.5
{"":"2024-08-18,338,Bourbonnais              ,22,1306.5
{"":"2024-08-18,339,Huntsville               ,12,502.5
{"":"2024-08-18,341,Mason                    ,19,974
{"":"2024-08-18,342,Allen Park               ,22,933.5
{"":"2024-08-18,343,Kansas City              ,10,333.5
{"":"2024-08-18,344,Shreveport               ,18,793.5
{"":"2024-08-18,345,Pleasant Prairie         ,14,957
{"":"2024-08-18,347,Weatherford              ,17,861.5
{"":"2024-08-18,348,Portage                  ,6,281
{"":"2024-08-18,349,Okemos                   ,5,174
{"":"2024-08-18,350,Macon                    ,0,0
{"":"2024-08-18,351,Rochester                ,19,753.5
{"":"2024-08-18,352,Toledo                   ,11,252.5
{"":"2024-08-18,353,Brentwood                ,30,1538
{"":"2024-08-18,354,Gilbert                  ,15,591
{"":"2024-08-18,355,Oro Valley               ,13,681.8
{"":"2024-08-18,356,Queen Creek              ,24,1064
{"":"2024-08-18,357,Midwest City             ,6,249
{"":"2024-08-18,358,San Diego                ,9,265.5
{"":"2024-08-18,359,Yorkville                ,20,860
{"":"2024-08-18,360,Hagerstown               ,22,914
{"":"2024-08-18,361,San Antonio              ,19,806.5
{"":"2024-08-18,362,Collegeville             ,23,1129
{"":"2024-08-18,363,West Melbourne           ,21,1013
{"":"2024-08-18,364,Port Orange              ,25,1459
{"":"2024-08-18,365,Wichita Falls            ,17,791
{"":"2024-08-18,366,Sterling                 ,24,838.5
{"":"2024-08-18,367,Annapolis                ,44,2125.5
{"":"2024-08-18,368,Greenville               ,13,517
{"":"2024-08-18,369,Allentown                ,21,885.5
{"":"2024-08-18,370,Rockford                 ,20,1143
{"":"2024-08-18,371,Riverdale                ,11,444.5
{"":"2024-08-18,372,Kingsport                ,2,97
{"":"2024-08-18,373,Hammond                  ,10,445.5
{"":"2024-08-18,374,Sunset Valley            ,38,1871.5
{"":"2024-08-18,375,Chesterfield             ,17,711
{"":"2024-08-18,376,Asheville                ,24,1005.5
{"":"2024-08-18,377,Jacksonville             ,30,990
{"":"2024-08-18,378,Manahawkin               ,19,963.5
{"":"2024-08-18,379,Opelika                  ,9,434
{"":"2024-08-18,380,Virginia Beach           ,10,486.5
{"":"2024-08-18,382,Palmdale                 ,25,1336
{"":"2024-08-18,383,Lexington                ,8,300.5
{"":"2024-08-18,384,Highland                 ,28,1162
{"":"2024-08-18,385,Fort Lauderdale          ,32,1502.5
{"":"2024-08-18,388,San Antonio              ,19,1041
{"":"2024-08-18,389,Folsom                   ,32,2109
{"":"2024-08-18,390,Tulsa                    ,14,655.5
{"":"2024-08-18,391,Tyler                    ,21,763.5
{"":"2024-08-18,392,Flowood                  ,6,355
{"":"2024-08-18,393,Horseheads               ,11,546.5
{"":"2024-08-18,394,Union Gap                ,7,306
{"":"2024-08-18,395,Bloomington              ,18,788
{"":"2024-08-18,396,Camillus                 ,14,563.5
{"":"2024-08-18,397,Dallas                   ,22,815
{"":"2024-08-18,398,West Jordan              ,6,171
{"":"2024-08-18,399,Maywood                  ,22,948.5
{"":"2024-08-18,400,River Forest             ,21,879.5
{"":"2024-08-18,402,Irving                   ,19,1017
{"":"2024-08-18,403,Houston                  ,34,1567.5
{"":"2024-08-18,404,Glen Allen               ,32,1560.5
{"":"2024-08-18,405,Corpus Christi           ,8,391.5
{"":"2024-08-18,406,Tupelo                   ,1,44
{"":"2024-08-18,407,D'Iberville              ,5,273
{"":"2024-08-18,408,Anderson                 ,25,1495.5
{"":"2024-08-18,409,Abilene                  ,5,221
{"":"2024-08-18,410,Fairview Heights         ,18,706
{"":"2024-08-18,411,Portland                 ,61,2876.5
{"":"2024-08-18,412,Augusta                  ,16,714.5
{"":"2024-08-18,414,Aurora                   ,31,1519
{"":"2024-08-18,415,Longview                 ,19,825.5
{"":"2024-08-18,416,Wilkes Barre             ,19,913
{"":"2024-08-18,417,Fayetteville             ,26,1199
{"":"2024-08-18,418,Ashwaubenon              ,28,1257
{"":"2024-08-18,419,Rogers                   ,37,1723
{"":"2024-08-18,420,Duluth                   ,13,574
{"":"2024-08-18,421,Avon                     ,17,1051
{"":"2024-08-18,422,Columbus                 ,12,575
{"":"2024-08-18,423,Chicago                  ,24,916
{"":"2024-08-18,424,Columbus                 ,22,1067.5
{"":"2024-08-18,425,Summerville              ,25,1524.5
{"":"2024-08-18,426,Cincinnati               ,9,413
{"":"2024-08-18,427,Quakertown               ,12,691.5
{"":"2024-08-18,428,Davenport                ,22,1152
{"":"2024-08-18,429,Littleton                ,31,1885
{"":"2024-08-18,430,Schaumburg               ,8,474.5
{"":"2024-08-18,431,Laredo                   ,27,1503
{"":"2024-08-18,432,Holland                  ,2,41.5
{"":"2024-08-18,433,Santa Rosa               ,38,1938.5
{"":"2024-08-18,434,Chandler                 ,16,987.5
{"":"2024-08-18,435,Manchester               ,21,914
{"":"2024-08-18,436,Albuquerque              ,31,1507.5
{"":"2024-08-18,437,Brandon                  ,34,1484
{"":"2024-08-18,438,Sandusky                 ,14,593.5
{"":"2024-08-18,439,Kokomo                   ,8,293.5
{"":"2024-08-18,440,Charlottesville          ,14,707.5
{"":"2024-08-18,441,Akron                    ,8,221.5
{"":"2024-08-18,442,Troy                     ,13,572.5
{"":"2024-08-18,443,Sheboygan Falls          ,12,612
{"":"2024-08-18,444,Norman                   ,12,604
{"":"2024-08-18,446,Denton                   ,11,513
{"":"2024-08-18,447,Brunswick                ,13,744.5
{"":"2024-08-18,448,Aventura                 ,47,2599
{"":"2024-08-18,449,Bozeman                  ,41,1844
{"":"2024-08-18,450,Manchester               ,40,1951
{"":"2024-08-18,451,Northborough             ,13,642.5
{"":"2024-08-18,452,Glendora                 ,59,3343.3
{"":"2024-08-18,453,Bloomingdale             ,34,1831
{"":"2024-08-18,455,Farmington               ,7,222
{"":"2024-08-18,456,Gastonia                 ,22,984
{"":"2024-08-18,457,Redondo Beach            ,41,1861
{"":"2024-08-18,458,Peabody                  ,23,1332.5
{"":"2024-08-18,459,Saint George             ,18,893.5
{"":"2024-08-18,460,Nampa                    ,17,831.5
{"":"2024-08-18,461,Garner                   ,22,601.5
{"":"2024-08-18,462,Columbia                 ,20,951.5
{"":"2024-08-18,463,Denham Springs           ,7,227
{"":"2024-08-18,464,Keizer                   ,5,239
{"":"2024-08-18,465,Fargo                    ,17,792.5
{"":"2024-08-18,466,Champaign                ,13,701.5
{"":"2024-08-18,467,Lake Forest              ,25,1353
{"":"2024-08-18,468,Bossier City             ,8,377.5
{"":"2024-08-18,469,Bakersfield              ,24,1449
{"":"2024-08-18,472,Wichita                  ,26,1316
{"":"2024-08-18,473,Muncy                    ,10,525
{"":"2024-08-18,474,Valencia                 ,66,3320
{"":"2024-08-18,475,Woodhaven                ,1,-119
{"":"2024-08-18,477,Madison                  ,14,600.5
{"":"2024-08-18,478,Mobile                   ,11,456.5
{"":"2024-08-18,479,Boardman                 ,8,128.5
{"":"2024-08-18,480,Mayfield Heights         ,11,529.5
{"":"2024-08-18,481,Wichitam                 ,6,283.5
{"":"2024-08-18,482,Hendersonville           ,24,896.5
{"":"2024-08-18,484,Pittsburgh               ,20,1069.5
{"":"2024-08-18,485,Novi                     ,9,584.5
{"":"2024-08-18,486,Glorence                 ,6,246.5
{"":"2024-08-18,487,Marietta                 ,18,863.5
{"":"2024-08-18,489,Frederick                ,38,1934
{"":"2024-08-18,490,Bowling Green            ,3,168.5
{"":"2024-08-18,491,Garland                  ,20,914
{"":"2024-08-18,492,San Jose                 ,10,414.5
{"":"2024-08-18,493,Beaverton                ,26,1246
{"":"2024-08-18,494,Odessa                   ,21,930.5
{"":"2024-08-18,495,Nashua                   ,36,1550.5
{"":"2024-08-18,496,Winchester               ,16,721
{"":"2024-08-18,497,Medford                  ,14,391.5
{"":"2024-08-18,498,Beavercreek              ,12,487
{"":"2024-08-18,499,Rancho Santa Margarita   ,15,578.5
{"":"2024-08-18,500,San Angelo               ,6,319.5
{"":"2024-08-18,501,Blue Springs             ,16,723.5
{"":"2024-08-18,502,Redmond                  ,8,350
{"":"2024-08-18,503,Columbia                 ,19,859.5
{"":"2024-08-18,504,Peoria                   ,29,1429.5
{"":"2024-08-18,505,Shelby Township          ,14,530.5
{"":"2024-08-18,506,Owensboro                ,10,510
{"":"2024-08-18,507,Norton Shores            ,13,594.5
{"":"2024-08-18,508,Daphne                   ,15,838.5
{"":"2024-08-18,509,Monroe                   ,26,1496
{"":"2024-08-18,510,South Ramsey             ,28,1815.5
{"":"2024-08-18,511,Watertown                ,13,656
{"":"2024-08-18,513,Apple Valley             ,13,516.5
{"":"2024-08-18,514,Evansville               ,13,748
{"":"2024-08-18,515,Joplin                   ,8,344
{"":"2024-08-18,516,Bloomfield Hills         ,12,535.5
{"":"2024-08-18,518,East Brunswick           ,9,521
{"":"2024-08-18,519,Bee Cave                 ,23,1293
{"":"2024-08-18,520,Palm Desert              ,21,991
{"":"2024-08-18,521,Carrollton               ,15,599.5
{"":"2024-08-18,522,Saginaw                  ,11,576
{"":"2024-08-18,523,Fort Gratiot             ,7,268.5
{"":"2024-08-18,524,Dubuque                  ,9,564
{"":"2024-08-18,525,Garden City              ,6,265
{"":"2024-08-18,526,Braintree                ,17,544.5
{"":"2024-08-18,527,Waldorf                  ,63,2830
{"":"2024-08-18,528,Norcross                 ,17,649.5
{"":"2024-08-18,529,Harahan                  ,27,1210.5
{"":"2024-08-18,530,Augusta                  ,40,2373.5
{"":"2024-08-18,531,Clearwater               ,14,544.5
{"":"2024-08-18,532,Council Bluffs           ,10,408
{"":"2024-08-18,533,Covington                ,19,805.5
{"":"2024-08-18,535,Lincoln                  ,10,502
{"":"2024-08-18,536,Pasadena                 ,14,513
{"":"2024-08-18,537,Sanford                  ,20,876
{"":"2024-08-18,538,Stuart                   ,29,1420
{"":"2024-08-18,539,Temple                   ,17,820
{"":"2024-08-18,540,Westminster              ,21,869
{"":"2024-08-18,541,Flint                    ,7,284.5
{"":"2024-08-18,542,Lancaster                ,13,726
{"":"2024-08-18,543,Vestal                   ,10,456.5
{"":"2024-08-18,544,Garden city              ,37,2015.5
{"":"2024-08-18,545,Vacaville                ,27,1396.5
{"":"2024-08-18,546,El Paso                  ,8,440
{"":"2024-08-18,547,Goleta                   ,18,796.5
{"":"2024-08-18,548,Hanover                  ,12,638
{"":"2024-08-18,549,Allen                    ,30,1792
{"":"2024-08-18,550,Florence                 ,15,739.5
{"":"2024-08-18,551,Morgantown               ,16,497
{"":"2024-08-18,552,Benton Harbor            ,1,44
{"":"2024-08-18,553,Lee's Summit             ,18,1096.5
{"":"2024-08-18,554,East Pupyallup           ,22,1055.5
{"":"2024-08-18,555,Leesburg                 ,16,687.5
{"":"2024-08-18,556,Springfield              ,21,1217
{"":"2024-08-18,557,Arlington                ,14,544
{"":"2024-08-18,558,Williamsburg             ,15,739.5
{"":"2024-08-18,559,Warsaw                   ,2,98
{"":"2024-08-18,561,Char                     ,22,991.5
{"":"2024-08-18,562,Culver City              ,34,1175
{"":"2024-08-18,563,Township                 ,20,1078
{"":"2024-08-18,564,Stillwater               ,9,401
{"":"2024-08-18,565,Stow                     ,5,254
{"":"2024-08-18,566,Spring                   ,19,775
{"":"2024-08-18,567,South richmond           ,24,1210
{"":"2024-08-18,568,Colma                    ,20,1214
{"":"2024-08-18,569,Huntington               ,0,0
{"":"2024-08-18,570,Gainesville              ,37,1695.5
{"":"2024-08-18,571,Rosenburg                ,14,712
{"":"2024-08-18,573,Solon                    ,2,115
{"":"2024-08-18,574,Boise                    ,12,536
{"":"2024-08-18,575,Turlock                  ,46,2099
{"":"2024-08-18,576,Coral Springs            ,18,776
{"":"2024-08-18,577,Rib Mountain             ,8,551
{"":"2024-08-18,578,Boca Raton               ,16,617.5
{"":"2024-08-18,579,Tracy                    ,14,724.5
{"":"2024-08-18,580,Grand Rapids             ,17,841
{"":"2024-08-18,581,Davie                    ,24,839
{"":"2024-08-18,582,Fenton                   ,5,137
{"":"2024-08-18,583,El Cajon                 ,28,1361.5
{"":"2024-08-18,584,Traverse City            ,15,927.5
{"":"2024-08-18,585,Florissant               ,3,132.5
{"":"2024-08-18,586,Plano                    ,13,579
{"":"2024-08-18,587,McDonough                ,36,1675
{"":"2024-08-18,588,San Diego                ,43,1838
{"":"2024-08-18,589,Holly Springs            ,17,704.5
{"":"2024-08-18,590,Charlotte                ,19,640
{"":"2024-08-18,591,Waukesha                 ,5,266.5
{"":"2024-08-18,592,D'Alene                  ,46,2885.5
{"":"2024-08-18,593,Sand City                ,29,1679
{"":"2024-08-18,594,Port Charles             ,9,512
{"":"2024-08-18,595,Bangor                   ,37,1922.5
{"":"2024-08-18,596,Pensacola                ,27,1110
{"":"2024-08-18,597,Long Bech                ,68,3343
{"":"2024-08-18,598,Cincinnati               ,13,779
{"":"2024-08-18,599,Newington                ,43,2133
{"":"2024-08-18,600,Springfield              ,10,394
{"":"2024-08-18,601,Grandville               ,14,693.5
{"":"2024-08-18,602,Gabrills                 ,28,1100
{"":"2024-08-18,603,Florence                 ,6,370
{"":"2024-08-18,604,Seal Beach               ,44,1788
{"":"2024-08-18,605,Wauwatosa                ,11,495.5
{"":"2024-08-18,606,Petaluma                 ,23,1450.5
{"":"2024-08-18,607,West Richfield           ,16,794
{"":"2024-08-18,608,Roanoke                  ,17,781
{"":"2024-08-18,609,Spartanburg              ,15,667
{"":"2024-08-18,610,Little Rock              ,17,704
{"":"2024-08-18,611,Eau Claire               ,21,1257.5
{"":"2024-08-18,613,DeKalb                   ,10,578.5
{"":"2024-08-18,614,San Ysidro               ,13,572.5
{"":"2024-08-18,615,Palm Beach Gardens       ,33,1816.5
{"":"2024-08-18,616,Dobbs Ferry              ,12,673
{"":"2024-08-18,617,Staten Island            ,21,895
{"":"2024-08-18,618,Houston                  ,68,3451.5
{"":"2024-08-18,619,Lisbon                   ,10,288.5
{"":"2024-08-18,620,Newport beach            ,21,1113
{"":"2024-08-18,621,Livonia                  ,6,213.5
{"":"2024-08-18,622,Orem                     ,17,852
{"":"2024-08-18,623,Clifton                  ,26,1006
{"":"2024-08-18,624,Bluffton                 ,20,917.5
{"":"2024-08-18,626,Ann Arbor                ,14,704
{"":"2024-08-18,627,Madison                  ,19,1063
{"":"2024-08-18,628,Madison                  ,26,1171.5
{"":"2024-08-18,629,Woodbridge               ,21,1065
{"":"2024-08-18,630,Lake Worth               ,13,618.5
{"":"2024-08-18,631,Knoxville                ,10,480
{"":"2024-08-18,633,Martinsburg              ,24,1119
{"":"2024-08-18,634,Branson                  ,9,459
{"":"2024-08-18,635,Clovis                   ,32,1616
{"":"2024-08-18,636,Hanford                  ,12,527.5
{"":"2024-08-18,637,Alameda                  ,22,818.5
{"":"2024-08-18,638,Sevierville              ,24,1115
{"":"2024-08-18,639,Spring Hill              ,11,598
{"":"2024-08-18,640,Athens                   ,20,798.5
{"":"2024-08-18,641,Overland Park            ,25,1360
{"":"2024-08-18,642,Carmel                   ,9,-162.5
{"":"2024-08-18,643,Overland Park            ,11,691.5
{"":"2024-08-18,644,Columbia                 ,9,299.5
{"":"2024-08-18,645,Eureka                   ,14,593.5
{"":"2024-08-18,646,Glendale                 ,14,723
{"":"2024-08-18,647,Carson City              ,38,2157
{"":"2024-08-18,648,Napa                     ,29,1139.5
{"":"2024-08-18,649,East Peoria              ,15,647
{"":"2024-08-18,650,Fremont                  ,16,592.5
{"":"2024-08-18,651,Houston                  ,11,645.5
{"":"2024-08-18,652,New Braunfels            ,51,2501
{"":"2024-08-18,653,North Olmsted            ,3,154.5
{"":"2024-08-18,654,Brentwood                ,25,1124.5
{"":"2024-08-18,655,Oxnard                   ,38,1594.5
{"":"2024-08-18,656,Heath                    ,13,686
{"":"2024-08-18,657,Salisbury                ,30,1470.5
{"":"2024-08-18,658,Royal Oak                ,15,713
{"":"2024-08-18,659,Freehold                 ,12,541.5
{"":"2024-08-18,660,Foxboruogh               ,2,148
{"":"2024-08-18,661,Howell                   ,15,782
{"":"2024-08-18,662,Chicago                  ,17,679
{"":"2024-08-18,663,Eastvale                 ,39,1836
{"":"2024-08-18,664,Santa Fe                 ,26,1325.5
{"":"2024-08-18,665,Conway                   ,8,355
{"":"2024-08-18,666,Casper                   ,18,1003
{"":"2024-08-18,667,Helena                   ,15,1167.5
{"":"2024-08-18,668,Chicago                  ,7,10
{"":"2024-08-18,669,Falls Church             ,33,1399.5
{"":"2024-08-18,670,Southaven                ,13,510
{"":"2024-08-18,672,Vernon Hills             ,17,1039
{"":"2024-08-18,673,Lima                     ,2,132.5
{"":"2024-08-18,674,Sioux Falls              ,11,559.5
{"":"2024-08-18,675,Ontario                  ,16,898.5
{"":"2024-08-18,677,Virginia Beach           ,29,1259
{"":"2024-08-18,678,Lawton                   ,6,263.5
{"":"2024-08-18,679,Tallahassee              ,24,1225
{"":"2024-08-18,680,Morrisville              ,15,507.5
{"":"2024-08-18,681,Apple Valley             ,12,592.5
{"":"2024-08-18,682,Issaquah                 ,19,893
{"":"2024-08-18,683,Southern Pines           ,15,622
{"":"2024-08-18,684,Morehead City            ,11,497.5
{"":"2024-08-18,685,Jacksonville             ,19,1106
{"":"2024-08-18,686,South Gate               ,19,972.5
{"":"2024-08-18,688,Jackson                  ,7,404.5
{"":"2024-08-18,689,State College            ,12,421
{"":"2024-08-18,691,Billings                 ,23,1073.5
{"":"2024-08-18,692,Gaylord                  ,4,216.5
{"":"2024-08-18,693,Salisbury                ,1,21
{"":"2024-08-18,694,Massapequa Park          ,24,1094.5
{"":"2024-08-18,695,Niles                    ,7,252
{"":"2024-08-18,696,Baltimore                ,40,1919.5
{"":"2024-08-18,697,Moreno Valley            ,18,811
{"":"2024-08-18,699,New Orleans              ,12,494
{"":"2024-08-18,701,Douglasville             ,14,680.5
{"":"2024-08-18,702,Lansing                  ,17,806.5
{"":"2024-08-18,703,Newpory                  ,11,450
{"":"2024-08-18,705,Marquette                ,5,285.5
{"":"2024-08-18,706,Orlando                  ,20,769
{"":"2024-08-18,707,Albuquerque              ,38,1827.5
{"":"2024-08-18,708,Portland                 ,11,527
{"":"2024-08-18,709,Gadsden                  ,8,419
{"":"2024-08-18,710,Gilroy                   ,11,452.5
{"":"2024-08-18,711,Visalia                  ,34,1680.5
{"":"2024-08-18,713,Canton                   ,6,184.5
{"":"2024-08-18,714,Bay Shore                ,24,1070
{"":"2024-08-18,716,Muncie                   ,2,182
{"":"2024-08-18,717,Saint Augustine          ,17,859.5
{"":"2024-08-18,718,Glendale                 ,17,891
{"":"2024-08-18,719,Rapid City               ,19,1189.5
{"":"2024-08-18,720,Old Saybrook             ,12,519
{"":"2024-08-18,721,Midlothian               ,41,2219
{"":"2024-08-18,722,Nashville                ,13,582
{"":"2024-08-18,723,El Centro                ,23,895.5
{"":"2024-08-18,724,Smithfield               ,35,1673
{"":"2024-08-18,725,St. Joseph               ,5,188
{"":"2024-08-18,726,Terre Haute              ,16,587.5
{"":"2024-08-18,727,Pocatello                ,9,436.5
{"":"2024-08-18,729,Springfield Township     ,12,614
{"":"2024-08-18,730,Lakewood                 ,17,1075.5
{"":"2024-08-18,731,Delray Beach             ,31,1577
{"":"2024-08-18,732,Deptford                 ,25,1044.5
{"":"2024-08-18,733,Clarksville              ,7,219
{"":"2024-08-18,734,Midland                  ,11,529.5
{"":"2024-08-18,735,Victor                   ,32,1872
{"":"2024-08-18,736,Irvine                   ,19,1073
{"":"2024-08-18,737,Rock Hill                ,15,475.5
{"":"2024-08-18,738,Battle Creek             ,7,251
{"":"2024-08-18,739,Albany                   ,14,829
{"":"2024-08-18,740,Mansfield                ,28,934.5
{"":"2024-08-18,741,Raleigh                  ,14,813
{"":"2024-08-18,742,Washington               ,7,333.5
{"":"2024-08-18,743,Capitola                 ,26,1509.5
{"":"2024-08-18,744,Cincinnati               ,14,822
{"":"2024-08-18,745,Kansas City              ,4,92.5
{"":"2024-08-18,746,Lakeland                 ,27,1314
{"":"2024-08-18,747,Erie                     ,8,409
{"":"2024-08-18,748,Los Angeles              ,49,2484
{"":"2024-08-18,749,Beckley                  ,10,319.5
{"":"2024-08-18,750,Westwood                 ,20,834.5
{"":"2024-08-18,751,Owings Mills             ,23,787.5
{"":"2024-08-18,752,Prattville               ,1,-61.5
{"":"2024-08-18,753,Altamonte Springs        ,13,680
{"":"2024-08-18,754,Vero Beach               ,24,1466
{"":"2024-08-18,755,Exton                    ,35,1786
{"":"2024-08-18,756,Bristol                  ,7,423
{"":"2024-08-18,757,Las Vegas                ,31,1450.5
{"":"2024-08-18,758,North Port               ,27,1537
{"":"2024-08-18,759,Longview                 ,10,422
{"":"2024-08-18,760,Knoxville                ,17,753.5
{"":"2024-08-18,761,Charlotte                ,29,1187.5
{"":"2024-08-18,762,Winston Salem            ,9,-114.5
{"":"2024-08-18,763,Lakeland                 ,12,605.5
{"":"2024-08-18,764,Missoula                 ,18,747
{"":"2024-08-18,765,Lafayette                ,8,471
{"":"2024-08-18,766,Manassas                 ,24,1094
{"":"2024-08-18,767,Midvale                  ,28,1710.5
{"":"2024-08-18,768,Plainville               ,16,862.5
{"":"2024-08-18,769,Vancouver                ,8,506
{"":"2024-08-18,770,Holyoke                  ,12,511
{"":"2024-08-18,771,Paducah                  ,13,673
{"":"2024-08-18,772,Pittsfield               ,13,536.5
{"":"2024-08-18,773,Epping                   ,13,693.5
{"":"2024-08-18,774,Littleton                ,11,495
{"":"2024-08-18,775,City of Industry         ,12,569
{"":"2024-08-18,777,Cupertino                ,34,1745
{"":"2024-08-18,778,Fresno                   ,15,609
{"":"2024-08-18,779,Colorado Springs         ,21,954.5
{"":"2024-08-18,780,North Little Rock        ,6,252
{"":"2024-08-18,781,West Palm Beach          ,23,1284
{"":"2024-08-18,782,Clark                    ,48,2248
{"":"2024-08-18,783,Fairbanks                ,23,1010
{"":"2024-08-18,784,Riverbank                ,26,1386.5
{"":"2024-08-18,787,Harrisburg               ,33,1904.5
{"":"2024-08-18,788,Seabrook                 ,24,1247.5
{"":"2024-08-18,789,Westminster              ,11,462.5
{"":"2024-08-18,790,Jonesboro                ,10,546.5
{"":"2024-08-18,791,Corvallis                ,20,969.5
{"":"2024-08-18,792,Redlands                 ,43,2271.5
{"":"2024-08-18,793,STROUDSBURG              ,26,1496.5
{"":"2024-08-18,794,Frankfort                ,8,280.5
{"":"2024-08-18,795,Marlboro                 ,12,654
{"":"2024-08-18,796,San Jose                 ,12,726
{"":"2024-08-18,797,Chesapeake               ,20,737.5
{"":"2024-08-18,798,Compton                  ,6,33
{"":"2024-08-18,799,Concord                  ,20,878
{"":"2024-08-18,808,Unknown,0,0
{"":"2024-08-18,822,Chambersburg             ,0,0
{"":"2024-08-18,833,Greenwood                ,0,0
{"":"2024-08-18,844,Dallas                   ,0,0
{"":"2024-08-18,855,Fresno                   ,0,0
{"":"2024-08-18,870,Greer                    ,0,0
{"":"2024-08-18,871,No City,0,0
{"":"2024-08-18,902,Unknown,5316,268239.5
{"":"2024-08-18,1001,Northridge               ,25,1128
{"":"2024-08-18,1002,Greenwood                ,12,647.5
{"":"2024-08-18,1003,Deerfield Beach          ,17,655.5
{"":"2024-08-18,1004,Macedonia                ,4,369
{"":"2024-08-18,1005,Bismarck                 ,9,448
{"":"2024-08-18,1006,Federal Way              ,8,446.5
{"":"2024-08-18,1008,Fort Wayne               ,13,634.5
{"":"2024-08-18,1009,Marina Del Rey           ,28,1590
{"":"2024-08-18,1010,Jacksonville Beach       ,32,1931
{"":"2024-08-18,1011,Cranberry Township       ,17,916.5
{"":"2024-08-18,1012,Viera                    ,29,1280.5
{"":"2024-08-18,1013,Keene                    ,21,1007.5
{"":"2024-08-18,1014,Syracuse                 ,6,343
{"":"2024-08-18,1015,Alexandria               ,11,694
{"":"2024-08-18,1016,Michigan City            ,7,460
{"":"2024-08-18,1017,Bellevue                 ,16,603.5
{"":"2024-08-18,1018,Cedar Falls              ,12,628.5
{"":"2024-08-18,1019,North Myrtle Beach       ,14,672
{"":"2024-08-18,1020,Oxford                   ,10,546
{"":"2024-08-18,1021,Lake Charles             ,13,500
{"":"2024-08-18,1022,Harlingen                ,7,360.5
{"":"2024-08-18,1023,Prescott Valley          ,18,1119
{"":"2024-08-18,1024,Jefferson City           ,13,652.5
{"":"2024-08-18,1025,Saratoga Springs         ,35,2090.5
{"":"2024-08-18,1026,Hyannis                  ,20,1179
{"":"2024-08-18,1027,Aurora                   ,25,1389
{"":"2024-08-18,1028,Barboursville            ,17,771
{"":"2024-08-18,1029,Taylor                   ,10,404.5
{"":"2024-08-18,1030,Dover                    ,12,700.5
{"":"2024-08-18,1031,Olympia                  ,16,744
{"":"2024-08-18,1032,Puyallup                 ,21,1299.5
{"":"2024-08-18,1033,Greeley                  ,20,1042.5
{"":"2024-08-18,1034,Myrtle Beach             ,8,314.5
{"":"2024-08-18,1035,West Covina              ,15,739
{"":"2024-08-18,1036,Newark                   ,60,3028.5
{"":"2024-08-18,1037,San Luis Obispo          ,16,853
{"":"2024-08-18,1038,Pikeville                ,5,195.5
{"":"2024-08-18,1040,Columbus                 ,5,316
{"":"2024-08-18,1042,Valdosta                 ,13,627
{"":"2024-08-18,1043,Pittsburgh               ,25,1310.5
{"":"2024-08-18,1044,Twin Falls               ,21,1023
{"":"2024-08-18,1045,Flemington               ,21,1077
{"":"2024-08-18,1046,Waco                     ,13,625
{"":"2024-08-18,1047,San Antonio              ,18,610.5
{"":"2024-08-18,1048,Pickerington             ,9,314
{"":"2024-08-18,1049,Menifee                  ,58,2830
{"":"2024-08-18,1050,Texarkana                ,11,488
{"":"2024-08-18,1051,Pinole                   ,24,1389.5
{"":"2024-08-18,1052,Lewisville               ,17,450
{"":"2024-08-18,1053,Tigard                   ,21,1358
{"":"2024-08-18,1054,Downey                   ,32,1239
{"":"2024-08-18,1056,Salt Lake City           ,41,2011
{"":"2024-08-18,1059,Forsyth                  ,8,305.5
{"":"2024-08-18,1060,Asheboro                 ,8,457.5
{"":"2024-08-18,1061,KALISPELL                ,21,1190.5
{"":"2024-08-18,1062,West Valley City         ,14,1041
{"":"2024-08-18,1063,Paso Robles              ,21,898
{"":"2024-08-18,1064,Auburn                   ,57,3511.5
{"":"2024-08-18,1065,San Leandro              ,9,-44
{"":"2024-08-18,1066,San Antonio              ,4,188.5
{"":"2024-08-18,1067,King of Prussia          ,24,1061.5
{"":"2024-08-18,1068,Rancho Cordova           ,15,567.5
{"":"2024-08-18,1069,Scranton                 ,27,1331.5
{"":"2024-08-18,1070,Grafton                  ,16,667
{"":"2024-08-18,1071,Bastrop                  ,14,743.5
{"":"2024-08-18,1072,Montvale                 ,16,583.5
{"":"2024-08-18,1073,Arden                    ,22,1284
{"":"2024-08-18,1074,Guilford                 ,22,900.5
{"":"2024-08-18,1075,Morganton                ,11,490.5
{"":"2024-08-18,1076,Vernal                   ,15,685
{"":"2024-08-18,1077,Miami                    ,39,1701
{"":"2024-08-18,1078,Sebring                  ,4,180
{"":"2024-08-18,1079,St Louis Park            ,23,1083.1
{"":"2024-08-18,1080,Columbus                 ,14,745
{"":"2024-08-18,1081,Bloomington              ,14,208
{"":"2024-08-18,1082,Roseville                ,9,295
{"":"2024-08-18,1083,Euless                   ,24,1239
{"":"2024-08-18,1084,Alabaster                ,8,401.5
{"":"2024-08-18,1085,Shawnee                  ,8,402.5
{"":"2024-08-18,1086,Newport News             ,31,1595.5
{"":"2024-08-18,1087,Anaheim                  ,27,1604
{"":"2024-08-18,1088,Pflugerville             ,18,807
{"":"2024-08-18,1089,Austin                   ,18,1002.5
{"":"2024-08-18,1090,Willowbrook              ,8,557
{"":"2024-08-18,1091,Upper Arlington          ,24,1491.5
{"":"2024-08-18,1092,Brownsville              ,1,-42
{"":"2024-08-18,1093,Simi Valley              ,15,637
{"":"2024-08-18,1095,Peachtree City           ,21,1138
{"":"2024-08-18,1096,Brooksville              ,19,1018.5
{"":"2024-08-18,1097,Henderson                ,10,508
{"":"2024-08-18,1098,San Antonio              ,67,3813.5
{"":"2024-08-18,1099,Palm Coast               ,9,630
{"":"2024-08-18,1100,San Diego                ,21,1133.5
{"":"2024-08-18,1101,Sioux City               ,16,884.5
{"":"2024-08-18,1102,Hudson                   ,11,435
{"":"2024-08-18,1103,Poughkeepsie             ,20,912
{"":"2024-08-18,1104,Las Cruces               ,21,770.5
{"":"2024-08-18,1105,Rocklin                  ,34,1855.5
{"":"2024-08-18,1106,Adrian                   ,5,226.5
{"":"2024-08-18,1107,La Habra                 ,15,676
{"":"2024-08-18,1108,Chillicothe              ,7,327.5
{"":"2024-08-18,1109,Muskogee                 ,10,663
{"":"2024-08-18,1110,Rosemead                 ,11,628
{"":"2024-08-18,1111,Milton                   ,10,509.5
{"":"2024-08-18,1112,San Diego                ,11,570
{"":"2024-08-18,1113,Tulsa                    ,7,308
{"":"2024-08-18,1114,Chula Vista              ,21,1098
{"":"2024-08-18,1115,Cullman                  ,3,290
{"":"2024-08-18,1116,Superior                 ,19,1418.5
{"":"2024-08-18,1117,Las Vegas                ,13,157.5
{"":"2024-08-18,1118,Costa Mesa               ,25,1159
{"":"2024-08-18,1119,Sacramento               ,27,1331.5
{"":"2024-08-18,1120,Schenectady              ,10,358
{"":"2024-08-18,1121,Laurel                   ,20,639
{"":"2024-08-18,1122,Livingston               ,20,948
{"":"2024-08-18,1123,Ammon                    ,15,609.5
{"":"2024-08-18,1124,West Long Branch         ,16,969.5
{"":"2024-08-18,1125,Albuquerque              ,26,1363.5
{"":"2024-08-18,1126,Frisco                   ,25,1028
{"":"2024-08-18,1127,Salinas                  ,39,1905
{"":"2024-08-18,1128,Naples                   ,4,170.5
{"":"2024-08-18,1129,Springfield              ,26,1285.5
{"":"2024-08-18,1130,Janesville               ,13,701.5
{"":"2024-08-18,1131,Temecula                 ,85,4716
{"":"2024-08-18,1132,Avondale                 ,12,619
{"":"2024-08-18,1133,South Colby              ,39,2673
{"":"2024-08-18,1134,Warrington               ,29,1323
{"":"2024-08-18,1135,Waterford                ,13,446.5
{"":"2024-08-18,1136,Selinsgrove              ,15,1029
{"":"2024-08-18,1137,Indianapolis             ,-1,-957.5
{"":"2024-08-18,1138,Chicago                  ,10,346
{"":"2024-08-18,1139,Chattanooga              ,6,346
{"":"2024-08-18,1140,Cypress                  ,8,279
{"":"2024-08-18,1141,Ardmore                  ,5,314.5
{"":"2024-08-18,1142,Statesboro               ,10,511.5
{"":"2024-08-18,1143,Manteca                  ,23,1096
{"":"2024-08-18,1144,Allentown                ,17,961
{"":"2024-08-18,1145,Oak Ridge                ,7,374
{"":"2024-08-18,1146,Castle Rock              ,27,1813.5
{"":"2024-08-18,1147,Minot                    ,20,926.5
{"":"2024-08-18,1148,Mount Pleasant           ,17,690.5
{"":"2024-08-18,1149,Cape Coral               ,18,1022.5
{"":"2024-08-18,1150,Franklin                 ,23,1005.5
{"":"2024-08-18,1151,Dunwoody                 ,33,1807
{"":"2024-08-18,1152,Lodi                     ,31,1656.5
{"":"2024-08-18,1153,Riverside                ,25,1329
{"":"2024-08-18,1154,Birmingham               ,4,103
{"":"2024-08-18,1155,Titusville               ,12,643
{"":"2024-08-18,1156,Liberty                  ,10,403.5
{"":"2024-08-18,1157,Orlando                  ,32,1486
{"":"2024-08-18,1158,Wooster                  ,2,36.5
{"":"2024-08-18,1159,Cheyenne                 ,13,481.5
{"":"2024-08-18,1160,Dulles                   ,17,932.5
{"":"2024-08-18,1161,Las Vegas                ,65,3839
{"":"2024-08-18,1162,Anchorage                ,12,553.5
{"":"2024-08-18,1163,Cincinnati               ,12,678
{"":"2024-08-18,1164,Edinburg                 ,13,802.5
{"":"2024-08-18,1165,San Antonio              ,11,563
{"":"2024-08-18,1166,Reno                     ,21,1279.5
{"":"2024-08-18,1167,Reno                     ,30,1333
{"":"2024-08-18,1168,Fort Collins             ,28,1422.5
{"":"2024-08-18,1169,Waxahachie               ,12,575.5
{"":"2024-08-18,1170,lancaster                ,30,1921.5
{"":"2024-08-18,1171,Saint Clairsville        ,10,441
{"":"2024-08-18,1172,Grove City               ,2,135
{"":"2024-08-18,1173,Bel Air                  ,64,2649.5
{"":"2024-08-18,1174,Oxford                   ,7,426.5
{"":"2024-08-18,1175,Baytown                  ,1,56
{"":"2024-08-18,1176,Harrisonburg             ,5,360
{"":"2024-08-18,1177,Pittsburgh               ,19,875.5
{"":"2024-08-18,1178,Tarpon Springs           ,5,263
{"":"2024-08-18,1179,Bridgeport               ,7,362.5
{"":"2024-08-18,1180,Renton                   ,27,1458
{"":"2024-08-18,1181,San Clemente             ,24,1403.5
{"":"2024-08-18,1182,Fairfield                ,19,926.5
{"":"2024-08-18,1183,Suffolk                  ,22,1005
{"":"2024-08-18,1184,Parma                    ,13,344.5
{"":"2024-08-18,1185,Oklahoma City            ,10,714.5
{"":"2024-08-18,1186,Butler                   ,11,476.5
{"":"2024-08-18,1187,Kingston                 ,18,1126
{"":"2024-08-18,1188,Lufkin                   ,15,649.5
{"":"2024-08-18,1189,Lady Lake                ,10,450
{"":"2024-08-18,1190,Lawrence                 ,6,160.5
{"":"2024-08-18,1191,Henderson                ,30,922
{"":"2024-08-18,1192,Niagara Falls            ,10,488
{"":"2024-08-18,1193,Fenton                   ,6,201.5
{"":"2024-08-18,1194,Gulfport                 ,5,147.5
{"":"2024-08-18,1195,Rolling Hills Estates    ,18,838
{"":"2024-08-18,1196,Sarasota                 ,26,1053.5
{"":"2024-08-18,1197,Wayne                    ,13,533.5
{"":"2024-08-18,1198,Capitol Heights          ,43,1848.5
{"":"2024-08-18,1199,Cookeville               ,13,513.5
{"":"2024-08-18,1200,Menomonee Falls          ,20,1212.5
{"":"2024-08-18,1201,Smyrna                   ,11,440
{"":"2024-08-18,1202,Yulee                    ,9,399
{"":"2024-08-18,1203,Orange City              ,18,1035.5
{"":"2024-08-18,1204,Brick                    ,26,1138.5
{"":"2024-08-18,1205,Eldersburg               ,4,230
{"":"2024-08-18,1207,Canton                   ,9,276.5
{"":"2024-08-18,1208,Sherman                  ,14,521
{"":"2024-08-18,1209,Valley Stream            ,20,1067.5
{"":"2024-08-18,1210,Tampa                    ,19,1093
{"":"2024-08-18,1211,Seminole                 ,35,1792
{"":"2024-08-18,1213,Santa Monica             ,19,789
{"":"2024-08-18,1214,Warren                   ,18,687.5
{"":"2024-08-18,1215,Chico                    ,40,2081.5
{"":"2024-08-18,1216,Tucson                   ,16,872
{"":"2024-08-18,1217,Houston                  ,15,676.5
{"":"2024-08-18,1218,Vallejo                  ,12,379
{"":"2024-08-18,1219,Charlotte                ,41,1961
{"":"2024-08-18,1220,Latham                   ,11,594
{"":"2024-08-18,1221,Sherman Oaks             ,13,437.5
{"":"2024-08-18,1222,Walla Walla              ,15,701.5
{"":"2024-08-18,1223,New Bern                 ,23,1264.5
{"":"2024-08-18,1224,Joliet                   ,37,1794
{"":"2024-08-18,1225,Chicago                  ,15,674
{"":"2024-08-18,1226,Marietta                 ,17,797.5
{"":"2024-08-18,1227,Norwalk                  ,8,493.5
{"":"2024-08-18,1228,Beavercreek              ,2,33.5
{"":"2024-08-18,1229,Glenwood Springs         ,17,989
{"":"2024-08-18,1230,Cedar Park               ,58,3175
{"":"2024-08-18,1231,Hutchinson               ,5,182.5
{"":"2024-08-18,1232,Long Beach               ,20,789.5
{"":"2024-08-18,1233,Coralville               ,19,1071.5
{"":"2024-08-18,1234,Johnstown                ,12,417
{"":"2024-08-18,1235,Moscow                   ,10,545.5
{"":"2024-08-18,1236,Elko                     ,13,872
{"":"2024-08-18,1237,Chambersburg             ,14,1063
{"":"2024-08-18,1238,Redding                  ,44,1813.5
{"":"2024-08-18,1239,Houston                  ,18,598
{"":"2024-08-18,1240,Shelby Township          ,27,1564
{"":"2024-08-18,1241,Riverhead                ,14,613.5
{"":"2024-08-18,1242,Spring                   ,34,1856.5
{"":"2024-08-18,1243,Porterville              ,3,188.5
{"":"2024-08-18,1244,Bellingham               ,24,966.5
{"":"2024-08-18,1245,Edmond                   ,11,481
{"":"2024-08-18,1246,Warner Robins            ,17,870.5
{"":"2024-08-18,1247,Newtown Square           ,22,1211.5
{"":"2024-08-18,1248,Wichita                  ,16,666
{"":"2024-08-18,1249,Whittier                 ,44,2107.5
{"":"2024-08-18,1250,Hemet                    ,21,1116.5
{"":"2024-08-18,1251,Broken Arrow             ,20,771.5
{"":"2024-08-18,1252,Hattiesburg              ,8,437
{"":"2024-08-18,1253,Lake Elsinore            ,39,2086
{"":"2024-08-18,1254,Las Vegas                ,24,1208.5
{"":"2024-08-18,1255,pueblo                   ,2,153
{"":"2024-08-18,1256,San Jose                 ,14,653.5
{"":"2024-08-18,1257,Eagan                    ,19,932
{"":"2024-08-18,1258,Hoffman Estates          ,10,565
{"":"2024-08-18,1259,San Jose                 ,21,1137.5
{"":"2024-08-18,1260,Benton                   ,3,86
{"":"2024-08-18,1261,Nags Head                ,15,565
{"":"2024-08-18,1262,Searcy                   ,9,459.5
{"":"2024-08-18,1263,Lexington                ,16,695
{"":"2024-08-18,1264,Yukon                    ,8,194.5
{"":"2024-08-18,1265,Evergreen Park           ,33,1161.5
{"":"2024-08-18,1266,Bound Brook              ,29,1158
{"":"2024-08-18,1267,Wheat Ridge              ,17,968.5
{"":"2024-08-18,1268,Lansing                  ,6,178.5
{"":"2024-08-18,1269,Meridian                 ,26,1044.5
{"":"2024-08-18,1270,Gretna                   ,13,634
{"":"2024-08-18,1271,Oshkosh                  ,3,153
{"":"2024-08-18,1272,Goshen                   ,8,398.5
{"":"2024-08-18,1273,American Fork            ,6,349
{"":"2024-08-18,1274,Avon                     ,0,-628
{"":"2024-08-18,1275,Gloucester               ,8,327.5
{"":"2024-08-18,1276,Escondido                ,75,3393
{"":"2024-08-18,1277,Spanish Fork             ,4,94
{"":"2024-08-18,1278,Ann Arbor                ,4,116.5
{"":"2024-08-18,1279,Chapel Hill              ,19,1034
{"":"2024-08-18,1280,Ontario                  ,12,561
{"":"2024-08-18,1281,Farmington               ,19,1149.5
{"":"2024-08-18,1282,Danbury                  ,21,873
{"":"2024-08-18,1283,Yorktown Heights         ,12,754.5
{"":"2024-08-18,1284,Olathe                   ,14,651
{"":"2024-08-18,1285,Rochester                ,26,1278.5
{"":"2024-08-18,1286,Rochester                ,15,586.5
{"":"2024-08-18,1287,Chicago                  ,13,577.5
{"":"2024-08-18,1288,Phillipsburg             ,24,1033.5
{"":"2024-08-18,1289,Enid                     ,8,367
{"":"2024-08-18,1290,Santa Rosa               ,30,1482.5
{"":"2024-08-18,1291,Greenfield               ,18,819
{"":"2024-08-18,1292,Memphis                  ,13,656
{"":"2024-08-18,1293,Bellingham               ,13,465.5
{"":"2024-08-18,1294,Lafayette                ,2,88.5
{"":"2024-08-18,1295,Kissimmee                ,21,890
{"":"2024-08-18,1296,Lapeer                   ,8,312.5
{"":"2024-08-18,1297,Morristown               ,1,89
{"":"2024-08-18,1298,Taunton                  ,7,264.5
{"":"2024-08-18,1299,Huntington Beach         ,37,1833
{"":"2024-08-18,1300,Fontana                  ,15,707
{"":"2024-08-18,1301,Garfield                 ,8,386.5
{"":"2024-08-18,1302,Thousand Oaks            ,23,1331.5
{"":"2024-08-18,1303,Ocean City               ,28,1444.5
{"":"2024-08-18,1304,Niles                    ,6,-115.5
{"":"2024-08-18,1305,Towson                   ,22,955
{"":"2024-08-18,1306,Manhattan                ,8,477
{"":"2024-08-18,1307,Seneca                   ,15,888.5
{"":"2024-08-18,1308,Alpharetta               ,23,1116.5
{"":"2024-08-18,1309,Marysville               ,20,988
{"":"2024-08-18,1310,Seattle                  ,16,958
{"":"2024-08-18,1311,Dallas                   ,33,1687.5
{"":"2024-08-18,1312,Johnson City             ,14,777
{"":"2024-08-18,1313,Albany                   ,13,740.5
{"":"2024-08-18,1314,La Quinta                ,21,1142.5
{"":"2024-08-18,1315,Los Angeles              ,19,857
{"":"2024-08-18,1316,Cedar Knolls             ,14,664.5
{"":"2024-08-18,1317,Richland                 ,15,624
{"":"2024-08-18,1318,Bartlesville             ,5,207
{"":"2024-08-18,1319,Covington                ,20,1365
{"":"2024-08-18,1320,Brighton                 ,6,394.5
{"":"2024-08-18,1321,Vienna                   ,3,137
{"":"2024-08-18,1322,Fresno                   ,11,466.5
{"":"2024-08-18,1323,Hinesville               ,2,70.5
{"":"2024-08-18,1324,Pooler                   ,17,639.5
{"":"2024-08-18,1325,Daytona Beach            ,15,945
{"":"2024-08-18,1326,Kissimmee                ,11,462
{"":"2024-08-18,1327,Hopkinsville             ,4,195
{"":"2024-08-18,1328,Baxter                   ,9,369
{"":"2024-08-18,1329,Saint Peters             ,11,571.5
{"":"2024-08-18,1330,Prosper                  ,13,526
{"":"2024-08-18,1331,Houston                  ,28,1007
{"":"2024-08-18,1333,Plant City               ,3,131.5
{"":"2024-08-18,1334,Salina                   ,9,442.5
{"":"2024-08-18,1335,New Port Richey          ,13,510
{"":"2024-08-18,1336,Sequim                   ,14,774.5
{"":"2024-08-18,1337,Foley                    ,14,582
{"":"2024-08-18,1338,Blackwood                ,20,840
{"":"2024-08-18,1339,Hyattsville              ,17,710
{"":"2024-08-18,1340,Staten Island            ,11,422
{"":"2024-08-18,1341,New Philadelphia         ,5,248
{"":"2024-08-18,1342,Great Falls              ,24,1144
{"":"2024-08-18,1343,Waterbury                ,11,372.5
{"":"2024-08-18,1344,Lincoln                  ,16,626.5
{"":"2024-08-18,1345,Creve Coeur              ,7,517
{"":"2024-08-18,1346,Wenatchee                ,19,1145
{"":"2024-08-18,1347,North Miami Beach        ,19,924.5
{"":"2024-08-18,1348,PINECREST                ,63,3356.5
{"":"2024-08-18,1349,Panama City Beach        ,21,944
{"":"2024-08-18,1350,Midlothian               ,20,1387.5
{"":"2024-08-18,1351,Mobile                   ,7,426.5
{"":"2024-08-18,1352,Fort Mill                ,11,733
{"":"2024-08-18,1353,Rialto                   ,129,7013
{"":"2024-08-18,1354,Rossford                 ,15,616
{"":"2024-08-18,1355,Machesney Park           ,12,613.5
{"":"2024-08-18,1356,Lebanon                  ,19,1012
{"":"2024-08-18,1357,Chicago                  ,28,974.5
{"":"2024-08-18,1358,Pompano Beach            ,14,716
{"":"2024-08-18,1359,Middletown               ,14,973
{"":"2024-08-18,1360,Northbrook               ,13,817
{"":"2024-08-18,1361,Columbus                 ,8,-22.5
{"":"2024-08-18,1362,Kennett Square           ,17,957.5
{"":"2024-08-18,1363,Plover                   ,12,711.5
{"":"2024-08-18,1364,Cartersville             ,11,540
{"":"2024-08-18,1365,Panama City              ,16,907.5
{"":"2024-08-18,1366,Cleveland                ,6,306.5
{"":"2024-08-18,1367,Germantown               ,14,849.5
{"":"2024-08-18,1368,Hot Springs              ,14,578.5
{"":"2024-08-18,1369,DeWitt                   ,9,590
{"":"2024-08-18,1370,Naples                   ,11,484.5
{"":"2024-08-18,1371,Dawsonville              ,2,80
{"":"2024-08-18,1372,Dania Beach              ,26,1284.5
{"":"2024-08-18,1373,Pembroke Pines           ,25,968.5
{"":"2024-08-18,1374,McAllen                  ,27,1377.5
{"":"2024-08-18,1375,St Louis                 ,17,985
{"":"2024-08-18,1377,Palm Springs             ,22,1129
{"":"2024-08-18,1378,Oldsmar                  ,11,489.5
{"":"2024-08-18,1379,Yonkers                  ,28,1181
{"":"2024-08-18,1380,Lake Jackson             ,10,499
{"":"2024-08-18,1381,Brooklyn                 ,8,423.5
{"":"2024-08-18,1382,Nashville                ,13,641.5
{"":"2024-08-18,1383,Mesquite                 ,12,535
{"":"2024-08-18,1384,Kirkland                 ,14,764
{"":"2024-08-18,1385,Livermore                ,16,822
{"":"2024-08-18,1386,Bend                     ,26,1229.5
{"":"2024-08-18,1387,Chester                  ,21,1221
{"":"2024-08-18,1388,Orlando                  ,29,1647
{"":"2024-08-18,1389,Yuba city                ,19,884.5
{"":"2024-08-18,1390,Philadelphia             ,23,971.5
{"":"2024-08-18,1391,Huntsville               ,40,2000
{"":"2024-08-18,1392,Dorchester               ,17,925
{"":"2024-08-18,1393,Rochester                ,11,507
{"":"2024-08-18,1394,White Lake               ,11,607.5
{"":"2024-08-18,1395,Pottstown                ,17,793.5
{"":"2024-08-18,1396,Birmingham               ,11,504
{"":"2024-08-18,1397,Woodland                 ,6,466.5
{"":"2024-08-18,1398,Arlington                ,42,2125
{"":"2024-08-18,1399,Mesa                     ,7,423
{"":"2024-08-18,1400,Trenton                  ,24,1187
{"":"2024-08-18,1401,Homestead                ,15,735.5
{"":"2024-08-18,1402,New York                 ,56,2395
{"":"2024-08-18,1403,Tulsa                    ,4,251.5
{"":"2024-08-18,1404,Portland                 ,12,637
{"":"2024-08-18,1405,City of Industry         ,17,1109
{"":"2024-08-18,1407,Greer                    ,10,393
{"":"2024-08-18,1408,Louisville               ,3,6.5
{"":"2024-08-18,1409,Bloomington              ,14,1002.5
{"":"2024-08-18,1410,Mays Landing             ,24,966.7
{"":"2024-08-18,1411,Santa Maria              ,19,962.5
{"":"2024-08-18,1412,Kemah                    ,7,270.5
{"":"2024-08-18,1413,Salem                    ,12,591
{"":"2024-08-18,1414,Fort Worth               ,20,897.5
{"":"2024-08-18,1415,Tucson                   ,12,192
{"":"2024-08-18,1416,Louisville               ,8,394.5
{"":"2024-08-18,1417,Mundelein                ,6,257
{"":"2024-08-18,1418,San Antonio              ,34,1593
{"":"2024-08-18,1419,Arvada                   ,15,672.5
{"":"2024-08-18,1420,Fall River               ,22,831
{"":"2024-08-18,1421,Westport                 ,21,893.5
{"":"2024-08-18,1422,New Caney                ,26,1279.5
{"":"2024-08-18,1423,Westlake                 ,8,292
{"":"2024-08-18,1424,Boynton Beach            ,26,1030.5
{"":"2024-08-18,1425,San Antonio              ,21,994
{"":"2024-08-18,1426,San Ramon                ,32,1639
{"":"2024-08-18,1427,Greenville               ,13,560
{"":"2024-08-18,1428,Kearny                   ,25,539
{"":"2024-08-18,1429,Hiram                    ,9,324.5
{"":"2024-08-18,1430,Wall Township            ,43,2277.5
{"":"2024-08-18,1431,Calabasas                ,17,966
{"":"2024-08-18,1432,Staten Island            ,10,492
{"":"2024-08-18,1433,Kalamazoo                ,14,562
{"":"2024-08-18,1434,Morgan Hill              ,17,941
{"":"2024-08-18,1435,Charleston               ,27,1283
{"":"2024-08-18,1436,Porter Ranch             ,31,1714
{"":"2024-08-18,1437,Whitestown               ,5,-137
{"":"2024-08-18,1438,Owasso                   ,7,421.5
{"":"2024-08-18,1439,Baton Rouge              ,14,553.5
{"":"2024-08-18,1440,Wethersfield             ,11,583
{"":"2024-08-18,1441,Lacey                    ,13,560.5
{"":"2024-08-18,1442,Pleasant Hill            ,15,769
{"":"2024-08-18,1443,Topeka                   ,7,471
{"":"2024-08-18,1444,Ashland                  ,4,182
{"":"2024-08-18,1445,Camarillo                ,45,2203
{"":"2024-08-18,1446,Pico Rivera              ,29,1384.5
{"":"2024-08-18,1447,Sacramento               ,10,457
{"":"2024-08-18,1448,College Point            ,8,298
{"":"2024-08-18,1449,Dalton                   ,3,128.5
{"":"2024-08-18,1450,Hesperia                 ,18,898.5
{"":"2024-08-18,1451,West Des Moines          ,8,371.5
{"":"2024-08-18,1452,Poplar Bluff             ,7,416
{"":"2024-08-18,1453,Kahului                  ,25,886.5
{"":"2024-08-18,1454,Pearl City               ,15,850.5
{"":"2024-08-18,1455,Long Beach               ,44,2545
{"":"2024-08-18,1456,Riverton                 ,-2,-476
{"":"2024-08-18,1457,Kailua                   ,23,868.5
{"":"2024-08-18,1458,Fort Walton Beach        ,20,873.5
{"":"2024-08-18,1459,Kapolei                  ,18,1105
{"":"2024-08-18,1460,Maryville                ,15,862.5
{"":"2024-08-18,1461,North Wales              ,45,2373
{"":"2024-08-18,1462,Orchard Park             ,27,1383.5
{"":"2024-08-18,1463,Watchung                 ,13,658.5
{"":"2024-08-18,1464,Yuma                     ,23,1290.5
{"":"2024-08-18,1465,Saint Charles            ,22,1172
{"":"2024-08-18,1466,Auburn                   ,10,437.5
{"":"2024-08-18,1467,North Brunswick          ,21,1057.5
{"":"2024-08-18,1468,Grand Prairie            ,17,648.5
{"":"2024-08-18,1469,Mishawaka                ,14,629
{"":"2024-08-18,1470,Granbury                 ,12,489
{"":"2024-08-18,1471,Terrell                  ,6,278
{"":"2024-08-18,1472,Sierra Vista             ,7,276.5
{"":"2024-08-18,1473,Spring                   ,36,1819.5
{"":"2024-08-18,1474,Lafayette                ,32,1263.5
{"":"2024-08-18,1475,San Diego                ,69,3895.5
{"":"2024-08-18,1476,San Diego                ,23,1523.5
{"":"2024-08-18,1477,Philadelphia             ,20,1049
{"":"2024-08-18,1478,Highland Park            ,12,457.5
{"":"2024-08-18,1479,Westminster              ,17,785
{"":"2024-08-18,1480,Kansas City              ,10,391.5
{"":"2024-08-18,1481,Jacksonville             ,8,330.5
{"":"2024-08-18,1482,Winter Springs           ,8,374
{"":"2024-08-18,1483,Hingham                  ,15,652.5
{"":"2024-08-18,1484,Denver                   ,16,503
{"":"2024-08-18,1485,Laguna Niguel            ,20,1039.5
{"":"2024-08-18,1486,Williston                ,57,2883.5
{"":"2024-08-18,1487,Richmond                 ,9,632.5
{"":"2024-08-18,1488,Crystal Lake             ,10,659
{"":"2024-08-18,1489,Wylie                    ,6,153
{"":"2024-08-18,1490,League City              ,23,1365.5
{"":"2024-08-18,1491,Raleigh                  ,16,853.5
{"":"2024-08-18,1492,Watertown                ,12,494
{"":"2024-08-18,1493,Perris                   ,20,744.5
{"":"2024-08-18,1494,Monrovia                 ,15,734
{"":"2024-08-18,1495,Evans                    ,17,702.5
{"":"2024-08-18,1496,Belton                   ,6,264.5
{"":"2024-08-18,1497,Parsippany               ,10,676
{"":"2024-08-18,1498,Hilliard                 ,8,481
{"":"2024-08-18,1499,Georgetown               ,15,642
{"":"2024-08-18,1500,Woodinville              ,12,630
{"":"2024-08-18,1501,Stillwater               ,13,616
{"":"2024-08-18,1502,Derby                    ,3,97
{"":"2024-08-18,1503,Ithaca                   ,8,402.5
{"":"2024-08-18,1504,Cumberland               ,6,451
{"":"2024-08-18,1505,Virginia Beach           ,20,809
{"":"2024-08-18,1506,Bonsall                  ,4,301.5
{"":"2024-08-18,1507,California               ,16,692.5
{"":"2024-08-18,1508,Lake Stevens             ,36,1748.5
{"":"2024-08-18,1509,roseburg                 ,13,699
{"":"2024-08-18,1510,Trumbull                 ,13,568.5
{"":"2024-08-18,1511,Bethlehem                ,2,57
{"":"2024-08-18,1512,Seekonk                  ,6,139.5
{"":"2024-08-18,1513,Moses Lake               ,14,591
{"":"2024-08-18,1514,Apopka                   ,9,354.5
{"":"2024-08-18,1515,Jacksonville             ,8,341
{"":"2024-08-18,1516,Plattsburgh              ,17,814
{"":"2024-08-18,1517,Lompoc                   ,8,312
{"":"2024-08-18,1518,Ruston                   ,4,228.5
{"":"2024-08-18,1519,Wilmington               ,17,634
{"":"2024-08-18,1520,Collierville             ,7,334.5
{"":"2024-08-18,1521,Spokane                  ,15,750.5
{"":"2024-08-18,1522,Rensselaer               ,10,378
{"":"2024-08-18,1523,South Plainfield         ,17,505
{"":"2024-08-18,1524,Bridgehampton            ,16,809
{"":"2024-08-18,1525,Grand Rapids             ,14,637.5
{"":"2024-08-18,1526,Davenport                ,18,788
{"":"2024-08-18,1527,Prince Frederick         ,19,824
{"":"2024-08-18,1528,Conroe                   ,19,694
{"":"2024-08-18,1529,Saint Cloud              ,13,552.5
{"":"2024-08-18,1530,Philadelphia             ,19,689.5
{"":"2024-08-18,1531,Concord                  ,22,677
{"":"2024-08-18,1532,Christiansburg           ,9,285.5
{"":"2024-08-18,1533,Hanover                  ,33,1371.5
{"":"2024-08-18,1534,Reno                     ,24,1320.5
{"":"2024-08-18,1535,Buena Park               ,11,498.5
{"":"2024-08-18,1536,Colorado Springs         ,19,998.5
{"":"2024-08-18,1537,Ledgewood                ,15,615
{"":"2024-08-18,1538,Bradenton                ,10,473
{"":"2024-08-18,1539,Cincinnati               ,3,146
{"":"2024-08-18,1540,Unknown,10,465
{"":"2024-08-18,1541,Matthews                 ,22,1063.5
{"":"2024-08-18,1542,Minneapolis              ,9,462
{"":"2024-08-18,1543,Sugar Land               ,21,1103
{"":"2024-08-18,1544,West Chester             ,13,753.5
{"":"2024-08-18,1545,Spokane                  ,21,786
{"":"2024-08-18,1546,East Rutherford          ,22,1013.5
{"":"2024-08-18,1547,Rio Grande               ,21,1243
{"":"2024-08-18,1548,Oklahoma City            ,12,454
{"":"2024-08-18,1549,Framingham               ,9,304.5
{"":"2024-08-18,1550,Tacoma                   ,24,1272
{"":"2024-08-18,1551,Unknown,19,874.5
{"":"2024-08-18,1553,Dallas                   ,7,315
{"":"2024-08-18,1554,Jeffersonville           ,9,463.5
{"":"2024-08-18,1555,Wareham                  ,10,581
{"":"2024-08-18,1556,Gonzales                 ,4,88.5
{"":"2024-08-18,1557,Shirley                  ,11,423.5
{"":"2024-08-18,1558,Albuquerque              ,9,303.5
{"":"2024-08-18,1559,Newnan                   ,22,755.5
{"":"2024-08-18,1560,North Hollywood          ,16,758
{"":"2024-08-18,1561,San Marcos               ,15,617.5
{"":"2024-08-18,1562,Bullhead City            ,7,542
{"":"2024-08-18,1563,Monroe                   ,8,398
{"":"2024-08-18,1564,Raleigh                  ,17,950.5
{"":"2024-08-18,1565,Birmingham               ,10,474.5
{"":"2024-08-18,1566,Troy                     ,16,724
{"":"2024-08-18,1567,Beaumont                 ,25,1028.5
{"":"2024-08-18,1568,Toms River               ,28,1271
{"":"2024-08-18,1569,Sumter                   ,13,461.5
{"":"2024-08-18,1570,Lewiston                 ,8,454
{"":"2024-08-18,1571,Enfield                  ,34,2029.5
{"":"2024-08-18,1572,Suwanee                  ,9,732
{"":"2024-08-18,1573,Wentzville               ,7,268.5
{"":"2024-08-18,1574,Webster                  ,19,568.5
{"":"2024-08-18,1575,Ames                     ,12,478.5
{"":"2024-08-18,1576,Cranston                 ,23,885.5
{"":"2024-08-18,1577,Acworth                  ,7,295
{"":"2024-08-18,1578,Hamden                   ,16,598.5
{"":"2024-08-18,1579,Happy Valley             ,17,782.5
{"":"2024-08-18,1580,El Segundo               ,38,2077.5
{"":"2024-08-18,1581,Lakewood                 ,15,565
{"":"2024-08-18,1582,Pasadena                 ,27,1392
{"":"2024-08-18,1583,Allen                    ,17,804
{"":"2024-08-18,1584,Carrollton               ,8,437.5
{"":"2024-08-18,1585,Fort Myers               ,15,700.5
{"":"2024-08-18,1586,Gig Harbor               ,8,514
{"":"2024-08-18,1587,Paramus                  ,6,155
{"":"2024-08-18,1588,Hialeah                  ,16,619
{"":"2024-08-18,1589,OAK BROOK                ,11,470
{"":"2024-08-18,1590,Shallotte                ,27,1349.5
{"":"2024-08-18,1591,Surprise                 ,67,3574.5
{"":"2024-08-18,1592,Southfield               ,11,492
{"":"2024-08-18,1593,Fort Myers               ,10,479.5
{"":"2024-08-18,1594,Sioux Falls              ,7,376.5
{"":"2024-08-18,1595,Little Rock              ,8,393.5
{"":"2024-08-18,1596,Houston                  ,20,767.5
{"":"2024-08-18,1597,Boone                    ,11,526.5
{"":"2024-08-18,1598,Troy                     ,2,38
{"":"2024-08-18,1599,Houston                  ,9,291.5
{"":"2024-08-18,1600,Gainesville              ,14,1011
{"":"2024-08-18,1601,West Mifflin             ,18,872
{"":"2024-08-18,1602,Buffalo                  ,14,530
{"":"2024-08-18,1603,Stafford                 ,9,330.5
{"":"2024-08-18,1604,Oak Brook                ,53,2581
{"":"2024-08-18,1605,Phoenix                  ,14,587
{"":"2024-08-18,1606,Columbus                 ,11,555
{"":"2024-08-18,1608,Easton                   ,19,1027.5
{"":"2024-08-18,1609,Chester                  ,8,420
{"":"2024-08-18,1610,Nashville                ,21,1307
{"":"2024-08-18,1611,Dallas                   ,14,426.5
{"":"2024-08-18,1612,Meridian                 ,-3,-259.5
{"":"2024-08-18,1613,Madison                  ,14,745.5
{"":"2024-08-18,1614,Monroeville              ,27,1579
{"":"2024-08-18,1615,Mission Hills            ,12,471.5
{"":"2024-08-18,1616,Monroe                   ,5,133
{"":"2024-08-18,1617,Germantown               ,27,1332
{"":"2024-08-18,1618,Silver Spring            ,17,638
{"":"2024-08-18,1619,Klamath Falls            ,13,661.5
{"":"2024-08-18,1620,Phoenix                  ,7,402
{"":"2024-08-18,1621,Easley                   ,8,323
{"":"2024-08-18,1622,Johnstown                ,6,188.5
{"":"2024-08-18,1623,The Colony               ,12,554.5
{"":"2024-08-18,1624,Southbury                ,11,375
{"":"2024-08-18,1625,Gillette                 ,7,341
{"":"2024-08-18,1626,Farmingdale              ,16,679.5
{"":"2024-08-18,1627,Tampa                    ,42,1643.5
{"":"2024-08-18,1628,Rancho Cucamonga         ,35,1773.5
{"":"2024-08-18,1630,Flagstaff                ,11,396
{"":"2024-08-18,1631,Batavia                  ,3,107
{"":"2024-08-18,1632,Valparaiso               ,13,669
{"":"2024-08-18,1633,Atlanta                  ,27,1414
{"":"2024-08-18,1634,Saint Johns              ,17,513
{"":"2024-08-18,1635,Albertville              ,10,398.5
{"":"2024-08-18,1636,Canoga Park              ,119,6998
{"":"2024-08-18,1637,West Hartford            ,19,1079.5
{"":"2024-08-18,1638,New York                 ,50,1908
{"":"2024-08-18,1639,Bakersfield              ,32,1566.5
{"":"2024-08-18,1640,Salem                    ,73,3559.5
{"":"2024-08-18,1641,Wayne                    ,15,683.5
{"":"2024-08-18,1642,Stephenville             ,12,418
{"":"2024-08-18,1643,Omaha                    ,6,96.5
{"":"2024-08-18,1644,Dyersburg                ,3,181.5
{"":"2024-08-18,1645,Grand Forks              ,10,413.5
{"":"2024-08-18,1646,Elk grove                ,39,1411
{"":"2024-08-18,1647,Miami                    ,14,911.5
{"":"2024-08-18,1648,Eden Prairie             ,10,512
{"":"2024-08-18,1649,Newtown Square           ,13,475.5
{"":"2024-08-18,1650,Warrenton                ,16,683
{"":"2024-08-18,1651,San Mateo                ,42,2356.5
{"":"2024-08-18,1653,North Charleston         ,14,423
{"":"2024-08-18,1654,Orlando                  ,21,821
{"":"2024-08-18,1656,Mount Pleasant           ,8,292.5
{"":"2024-08-18,1657,Olive Branch             ,19,817
{"":"2024-08-18,1658,Aurora                   ,11,485.5
{"":"2024-08-18,1659,Goldsboro                ,8,218.5
{"":"2024-08-18,1660,Mankato                  ,13,665.5
{"":"2024-08-18,1661,Springfield              ,3,140
{"":"2024-08-18,1664,Sunnyvale                ,8,324.5
{"":"2024-08-18,1665,Orange                   ,21,1079
{"":"2024-08-18,1666,Novato                   ,14,687
{"":"2024-08-18,1667,Hickory                  ,26,1072.5
{"":"2024-08-18,1668,Cedar Hill               ,19,827.5
{"":"2024-08-18,1669,Campbell                 ,19,838
{"":"2024-08-18,1670,Rialto                   ,2,-527.5
{"":"2024-08-18,1671,Huntington Beach         ,30,1292.5
{"":"2024-08-18,1672,Hadley                   ,9,393
{"":"2024-08-18,1673,Saratoga Springs         ,7,238.5
{"":"2024-08-18,1674,Woodbridge               ,16,650
{"":"2024-08-18,1675,Vienna                   ,16,899.4
{"":"2024-08-18,1676,Clemmons                 ,4,-35.5
{"":"2024-08-18,1677,Riverside                ,27,857.5
{"":"2024-08-18,1678,Greensboro               ,15,223
{"":"2024-08-18,1679,Rome                     ,8,327
{"":"2024-08-18,1681,Rocky Mount              ,7,272
{"":"2024-08-18,1682,Fort Wayne               ,9,220.5
{"":"2024-08-18,1683,West Des Moines          ,18,798.5
{"":"2024-08-18,1684,Sacramento               ,28,1362
{"":"2024-08-18,1685,Hollister                ,17,1016
{"":"2024-08-18,1686,Cockeysville             ,35,2041.5
{"":"2024-08-18,1687,Washington               ,12,681.5
{"":"2024-08-18,1688,Dallas                   ,9,318.5
{"":"2024-08-18,1689,Rock Springs             ,6,297
{"":"2024-08-18,1690,Beaufort                 ,9,382
{"":"2024-08-18,1691,Rehoboth Beach           ,48,2597
{"":"2024-08-18,1692,Kennewick                ,36,1777.5
{"":"2024-08-18,1693,Seattle                  ,18,847.5
{"":"2024-08-18,1694,Las Vegas                ,12,396.5
{"":"2024-08-18,1695,Redmond                  ,8,496.5
{"":"2024-08-18,1696,Saint Petersburg         ,21,1085.5
{"":"2024-08-18,1698,Starkville               ,6,205
{"":"2024-08-18,1699,Stoughton                ,3,212.5
{"":"2024-08-18,1700,Meriden                  ,13,691
{"":"2024-08-18,1701,Langhorne                ,40,2258.5
{"":"2024-08-18,1702,Millington               ,5,156
{"":"2024-08-18,1703,McMinnville              ,2,108
{"":"2024-08-18,1704,Denton                   ,8,374.5
{"":"2024-08-18,1705,Missouri City            ,14,610
{"":"2024-08-18,1706,Appleton                 ,11,598
{"":"2024-08-18,1707,Crestview                ,10,608
{"":"2024-08-18,1708,Hartsdale                ,12,281
{"":"2024-08-18,1709,Nanuet                   ,19,802.5
{"":"2024-08-18,1711,Lebanon                  ,16,637.5
{"":"2024-08-18,1712,Kissimmee                ,6,432.5
{"":"2024-08-18,1714,North Attleboro          ,14,735.5
{"":"2024-08-18,1715,Anchorage                ,17,794.5
{"":"2024-08-18,1716,Dallas                   ,7,368.5
{"":"2024-08-18,1717,Boulder                  ,12,644
{"":"2024-08-18,1718,Indianapolis             ,13,78
{"":"2024-08-18,1719,Selma                    ,77,3789
{"":"2024-08-18,1721,Richmond                 ,47,1974
{"":"2024-08-18,1722,Jasper                   ,2,82
{"":"2024-08-18,1723,Paris                    ,11,563
{"":"2024-08-18,1724,Del Rio                  ,1,17.5
{"":"2024-08-18,1725,Wilson                   ,1,-237.5
{"":"2024-08-18,1726,Garden Grove             ,16,1013
{"":"2024-08-18,1727,Huntsville               ,4,239
{"":"2024-08-18,1728,Liverpool                ,12,471.5
{"":"2024-08-18,1729,Venice                   ,9,502
{"":"2024-08-18,1730,Tullahoma                ,13,648
{"":"2024-08-18,1731,Oklahoma City            ,7,408.5
{"":"2024-08-18,1732,Warrensville Heights     ,6,219
{"":"2024-08-18,1734,Independence             ,5,302
{"":"2024-08-18,1735,Fulshear                 ,29,1504.6
{"":"2024-08-18,1736,Anaheim                  ,19,829.5
{"":"2024-08-18,1737,Parrish                  ,12,516.5
{"":"2024-08-18,1738,Carbondale               ,6,201.5
{"":"2024-08-18,1740,Everett                  ,17,1110
{"":"2024-08-18,1744,Woburn                   ,16,753.5
{"":"2024-08-18,1745,Land O Lakes             ,8,252.5
{"":"2024-08-18,1747,Leominster               ,10,514.5
{"":"2024-08-18,1748,Cornelius                ,20,1116
{"":"2024-08-18,1749,Pell City                ,4,211
{"":"2024-08-18,1750,Mesa                     ,17,904.5
{"":"2024-08-18,1752,Orange                   ,30,1431.5
{"":"2024-08-18,1753,Peoria                   ,12,526
{"":"2024-08-18,1756,Brenham                  ,11,449.5
{"":"2024-08-18,1757,Cottage Grove            ,5,168.5
{"":"2024-08-18,1758,Overland Park            ,10,575
{"":"2024-08-18,1760,Logan                    ,6,397
{"":"2024-08-18,1761,Lynchburg                ,13,612.5
{"":"2024-08-18,1763,Elizabethtown            ,14,630.5
{"":"2024-08-18,1767,Jacksonville             ,9,280.5
{"":"2024-08-18,1768,Athens                   ,12,713.5
{"":"2024-08-18,1769,Onalaska                 ,12,636.5
{"":"2024-08-18,1770,West Babylon             ,0,0
{"":"2024-08-18,1772,Brea                     ,27,1373.5
{"":"2024-08-18,1773,El Paso                  ,15,628.5
{"":"2024-08-18,1774,El Paso                  ,13,462
{"":"2024-08-18,1775,Grants Pass              ,11,666.5
{"":"2024-08-18,1777,Freehold                 ,13,547.5
{"":"2024-08-18,1780,Gardendale               ,11,513
{"":"2024-08-18,1781,San Diego                ,14,707.5
{"":"2024-08-18,1782,Glassboro                ,11,766
{"":"2024-08-18,1783,Lancaster                ,13,494
{"":"2024-08-18,1784,San Antonio              ,13,493.5
{"":"2024-08-18,1785,Decatur                  ,6,323.5
{"":"2024-08-18,1786,Antioch                  ,20,942
{"":"2024-08-18,1788,Orlando                  ,3,124
{"":"2024-08-18,1791,Burtonsville             ,9,442.5
{"":"2024-08-18,1792,Warwick                  ,15,677
{"":"2024-08-18,1793,Syosset                  ,8,341
{"":"2024-08-18,1795,Baraboo                  ,13,734
{"":"2024-08-18,1796,North Dartmouth          ,11,423
{"":"2024-08-18,1797,Gainesville              ,47,2112
{"":"2024-08-18,1800,Myrtle Beach             ,20,1058.5
{"":"2024-08-18,1805,Des Plaines              ,23,844.5
{"":"2024-08-18,1806,Wadsworth                ,5,292.5
{"":"2024-08-18,1807,Ladera Ranch             ,6,201.5
{"":"2024-08-18,1813,Lincoln                  ,8,376
{"":"2024-08-18,1814,Tomball                  ,15,724.5
{"":"2024-08-18,1816,Winston Salem            ,9,-202.5
{"":"2024-08-18,1817,Snellville               ,25,1088
{"":"2024-08-18,1821,Athens                   ,7,322.5
{"":"2024-08-18,1822,Burley                   ,6,90
{"":"2024-08-18,1823,Phoenix                  ,16,703
{"":"2024-08-18,1827,Panorama City            ,12,755.5
{"":"2024-08-18,1833,Nogales                  ,7,194
{"":"2024-08-18,1844,Fort Worth               ,9,218.5
{"":"2024-08-18,1851,Zanesville               ,3,185
{"":"2024-08-18,1890,Jenks                    ,16,816.5